{"cameraMode":{"drawMode":0,"name":"Shaded","section":"Shading Mode"},"sceneLighting":true,"audioPlay":false,"sceneViewState":{"showFog":true,"showMaterialUpdate":false,"showSkybox":false,"showFlares":true,"showImageEffects":true,"showParticleSystems":true},"in2DMode":false,"pivot":{"x":-0.006694977171719074,"y":0.18692323565483094,"z":-0.3914925456047058},"rotation":{"x":0.23259615898132325,"y":-0.39300209283828738,"z":0.1034528985619545,"w":0.8835980892181397},"size":0.24453522264957429,"orthographic":true}